{"lr": 0.00997794446709763, "data_time": 0.005005335807800293, "loss": 0.10736038973554969, "decode.loss_ce": 0.07582284065429121, "decode.acc_seg": 98.7212142944336, "aux.loss_ce": 0.03153754998929799, "aux.acc_seg": 98.7212142944336, "time": 0.13974785804748535, "step": 100}
{"lr": 0.009955660594668054, "data_time": 0.004830837249755859, "loss": 0.04500354372430593, "decode.loss_ce": 0.03144594698678702, "decode.acc_seg": 99.96829986572266, "aux.loss_ce": 0.013557595433667302, "aux.acc_seg": 99.96829986572266, "time": 0.13987960815429687, "step": 200}
{"lr": 0.009933371122565919, "data_time": 0.005228424072265625, "loss": 0.053751105815172194, "decode.loss_ce": 0.03806457528844476, "decode.acc_seg": 98.60169982910156, "aux.loss_ce": 0.015686531295068563, "aux.acc_seg": 99.79238891601562, "time": 0.13960399627685546, "step": 300}
{"lr": 0.009911076035273796, "data_time": 0.005243921279907226, "loss": 0.041292721312493084, "decode.loss_ce": 0.02843809314072132, "decode.acc_seg": 93.50349426269531, "aux.loss_ce": 0.012854628660716117, "aux.acc_seg": 91.81211853027344, "time": 0.13997802734375, "step": 400}
{"aAcc": 98.32, "mIoU": 55.1, "mAcc": 55.95, "step": 400}
{"lr": 0.0098887753171919, "data_time": 0.005716919898986816, "loss": 0.03403172916732729, "decode.loss_ce": 0.022679816326126458, "decode.acc_seg": 100.0, "aux.loss_ce": 0.011351913167163729, "aux.acc_seg": 100.0, "time": 0.13987927436828612, "step": 500}
{"lr": 0.009866468952637547, "data_time": 0.0052937746047973635, "loss": 0.021458650147542356, "decode.loss_ce": 0.01451882862020284, "decode.acc_seg": 100.0, "aux.loss_ce": 0.006939821492414922, "aux.acc_seg": 100.0, "time": 0.14003100395202636, "step": 600}
{"lr": 0.009844156925844432, "data_time": 0.005516624450683594, "loss": 0.022831480437889694, "decode.loss_ce": 0.014792450843378902, "decode.acc_seg": 99.34427642822266, "aux.loss_ce": 0.008039029291830957, "aux.acc_seg": 97.62883758544922, "time": 0.13988080024719238, "step": 700}
{"lr": 0.009821839220962003, "data_time": 0.005398201942443848, "loss": 0.031398020405322316, "decode.loss_ce": 0.02133516240864992, "decode.acc_seg": 99.9739990234375, "aux.loss_ce": 0.010062857647426426, "aux.acc_seg": 99.97274780273438, "time": 0.13952693939208985, "step": 800}
{"aAcc": 99.06, "mIoU": 75.7, "mAcc": 77.05, "step": 800}
